Nucleotide,SequenceWT,SequenceMT,Z-score,90CI,95CI,99CI
1,G,G,nan,0,0,0
2,C,C,nan,0,0,0
3,U,U,nan,0,0,0
4,U,U,nan,0,0,0
5,C,C,nan,0,0,0
6,G,G,nan,0,0,0
7,A,A,nan,0,0,0
8,U,U,nan,0,0,0
9,A,A,nan,0,0,0
10,U,U,nan,0,0,0
11,C,C,nan,0,0,0
12,C,C,nan,0,0,0
13,G,G,nan,0,0,0
14,C,C,nan,0,0,0
15,A,A,nan,0,0,0
16,U,U,nan,0,0,0
17,G,G,nan,0,0,0
18,C,C,nan,0,0,0
19,U,U,0.057461773,0,0,0
20,A,A,-0.276175106,0,0,0
21,A,A,0.301635929,0,0,0
22,A,A,-1.616706556,0,0,0
23,C,C,-0.288921711,0,0,0
24,C,C,-0.467476704,0,0,0
25,A,A,0.10959803,0,0,0
26,C,C,1.632853785,0,0,0
27,U,U,1.14003313,0,0,0
28,A,A,-1.084464654,0,0,0
29,A,A,-1.816550767,1,0,0
30,C,C,0.246404468,0,0,0
31,U,U,0.693429315,0,0,0
32,G,G,0.186257496,0,0,0
33,A,A,1.033807572,0,0,0
34,C,C,1.364952859,0,0,0
35,C,C,-2.34979347,1,1,0
36,U,U,-1.078694551,0,0,0
37,C,C,-0.493020935,0,0,0
38,G,G,-0.629024998,0,0,0
39,U,U,0.244082782,0,0,0
40,G,G,-0.19641972,0,0,0
41,U,U,0.227332173,0,0,0
42,A,A,0.108447342,0,0,0
43,U,U,-0.35255565,0,0,0
44,A,A,-0.541633886,0,0,0
45,A,A,-0.461808045,0,0,0
46,A,A,-0.316471581,0,0,0
47,U,U,-1.528058186,0,0,0
48,U,U,-1.679113484,1,0,0
49,A,A,-1.261138393,0,0,0
50,G,G,0.171880753,0,0,0
51,C,C,-0.961045207,0,0,0
52,A,A,-0.650126034,0,0,0
53,C,C,0.864431787,0,0,0
54,A,A,-1.613302937,0,0,0
55,U,U,-1.514932691,0,0,0
56,G,G,-1.181078952,0,0,0
57,A,A,-0.38513829,0,0,0
58,A,A,-0.503125343,0,0,0
59,G,G,-0.45746996,0,0,0
60,G,G,0.476220928,0,0,0
61,A,A,0.350770302,0,0,0
62,G,G,0.418068103,0,0,0
63,A,A,-1.659460895,1,0,0
64,G,G,-0.909973102,0,0,0
65,A,A,-0.122923195,0,0,0
66,G,G,0.751498039,0,0,0
67,A,A,-0.866614214,0,0,0
68,U,U,0.063567671,0,0,0
69,G,G,0.382595001,0,0,0
70,C,C,0.516532605,0,0,0
71,A,A,1.31782684,0,0,0
72,C,C,0.3932821,0,0,0
73,U,U,-0.78707753,0,0,0
74,G,G,-0.491037945,0,0,0
75,A,A,-0.109403063,0,0,0
76,G,G,-0.107996658,0,0,0
77,A,A,-0.642972205,0,0,0
78,G,G,-1.501229297,0,0,0
79,U,U,-1.875343251,1,0,0
80,G,G,-0.140954431,0,0,0
81,G,G,0.269322905,0,0,0
82,A,A,-0.692969867,0,0,0
83,G,G,0.048786685,0,0,0
84,A,A,0.911373251,0,0,0
85,C,C,0.373390227,0,0,0
86,C,C,0.707902599,0,0,0
87,G,G,0.011043861,0,0,0
88,G,G,0.34461662,0,0,0
89,C,C,-0.228453463,0,0,0
90,C,C,0.501094892,0,0,0
91,U,U,0.803707515,0,0,0
92,A,A,-0.395404438,0,0,0
93,A,A,0.139561435,0,0,0
94,C,C,0.768284078,0,0,0
95,U,U,-0.157789988,0,0,0
96,U,U,-0.571015355,0,0,0
97,G,G,0.763119906,0,0,0
98,A,A,-0.699118117,0,0,0
99,G,G,0.627194508,0,0,0
100,A,A,-0.100023217,0,0,0
101,G,G,0.430510209,0,0,0
102,A,A,0.519739623,0,0,0
103,A,A,0.74085929,0,0,0
104,A,A,1.573099019,0,0,0
105,A,A,-0.632198762,0,0,0
106,G,G,0.37580212,0,0,0
107,G,G,0.915098191,0,0,0
108,G,G,-0.513152623,0,0,0
109,A,A,0.014661343,0,0,0
110,U,U,1.046778994,0,0,0
111,G,G,-0.042868381,0,0,0
112,U,U,0.317171482,0,0,0
113,U,U,-0.214246028,0,0,0
114,G,G,-0.125931896,0,0,0
115,C,C,-0.689888685,0,0,0
116,A,A,-0.341903891,0,0,0
117,G,G,1.38758797,0,0,0
118,A,A,3.13369383,1,1,1
119,A,A,-4.632842075,1,1,1
120,G,A,-4.631472017,1,1,1
121,G,U,-4.384184908,1,1,1
122,A,A,-1.996867957,1,1,0
123,C,G,-0.476605497,0,0,0
124,U,U,2.8901228,1,1,1
125,G,C,2.352301493,1,1,0
126,U,A,0.193014322,0,0,0
127,G,G,3.682172718,1,1,1
128,A,G,2.478635047,1,1,0
129,A,G,3.640093234,1,1,1
130,U,U,-0.442308234,0,0,0
131,G,G,2.455688875,1,1,0
132,U,U,-0.11140054,0,0,0
133,G,G,0.860350247,0,0,0
134,G,G,-0.327692368,0,0,0
135,A,A,-0.290186922,0,0,0
136,G,G,-0.841246517,0,0,0
137,A,A,0.985204386,0,0,0
138,G,G,1.031402176,0,0,0
139,A,A,-0.014808657,0,0,0
140,G,G,0.191525461,0,0,0
141,C,C,-0.321304516,0,0,0
142,G,G,0.027816916,0,0,0
143,C,C,-2.17428891,1,1,0
144,A,A,-1.521114085,0,0,0
145,G,G,-0.033208249,0,0,0
146,U,U,-0.797537226,0,0,0
147,G,G,-0.473642976,0,0,0
148,A,A,-1.140941243,0,0,0
149,A,A,-1.547600742,0,0,0
150,G,G,0.61097317,0,0,0
151,G,G,0.291380727,0,0,0
152,G,G,0.308302613,0,0,0
153,A,A,0.447063223,0,0,0
154,U,U,-0.184167001,0,0,0
155,A,A,0.162330933,0,0,0
156,G,G,0.122118746,0,0,0
157,G,G,0.260841526,0,0,0
158,A,A,0.437611299,0,0,0
159,C,C,-0.25853948,0,0,0
160,G,G,-0.075724901,0,0,0
161,U,U,-0.495533785,0,0,0
162,U,U,-0.56470845,0,0,0
163,U,U,-0.075093023,0,0,0
164,G,G,-0.041183807,0,0,0
165,U,U,0.012762153,0,0,0
166,U,U,-0.038024139,0,0,0
167,U,U,-0.518582101,0,0,0
168,G,G,0.717878769,0,0,0
169,C,C,-0.6669984,0,0,0
170,A,A,1.90956722,1,0,0
171,A,A,0.719995951,0,0,0
172,G,G,0.293140981,0,0,0
173,A,A,0.382904407,0,0,0
174,G,G,0.491047884,0,0,0
175,G,G,0.020163431,0,0,0
176,G,G,-0.750573465,0,0,0
177,U,U,0.21268633,0,0,0
178,C,C,-0.184816987,0,0,0
179,U,U,-0.026502416,0,0,0
180,U,U,-0.621349628,0,0,0
181,U,U,-0.223666493,0,0,0
182,G,G,0.74169918,0,0,0
183,A,A,-0.918598851,0,0,0
184,G,G,0.468418894,0,0,0
185,G,G,0.205145991,0,0,0
186,A,A,0.849417502,0,0,0
187,U,U,0.442651273,0,0,0
188,G,G,0.891695752,0,0,0
189,G,G,0.690384237,0,0,0
190,A,A,0.113746093,0,0,0
191,G,G,-0.272627347,0,0,0
192,U,U,0.360069204,0,0,0
193,C,C,1.243531212,0,0,0
194,U,U,0.226510011,0,0,0
195,A,A,0.115766584,0,0,0
196,G,G,0.474419723,0,0,0
197,U,U,0.545851822,0,0,0
198,A,A,-0.434620011,0,0,0
199,A,A,-1.031586448,0,0,0
200,A,A,0.094708262,0,0,0
201,C,C,-0.345165719,0,0,0
202,A,A,1.224314216,0,0,0
203,A,A,0.099439712,0,0,0
204,A,A,0.75014801,0,0,0
205,G,G,1.247955356,0,0,0
206,U,U,-0.197014796,0,0,0
207,G,G,0.75431963,0,0,0
208,G,G,0.534971854,0,0,0
209,G,G,-0.15815756,0,0,0
210,G,G,0.239866636,0,0,0
211,A,A,0.457667402,0,0,0
212,C,C,1.079274946,0,0,0
213,A,A,0.709864962,0,0,0
214,A,A,-0.140568567,0,0,0
215,G,G,0.375012469,0,0,0
216,U,U,0.3807296,0,0,0
217,G,G,-0.322737448,0,0,0
218,A,A,-0.155846273,0,0,0
219,U,U,-0.639350291,0,0,0
220,G,G,0.603162567,0,0,0
221,A,A,0.544833591,0,0,0
222,C,C,-0.750657889,0,0,0
223,C,C,0.216050852,0,0,0
224,A,A,0.068913917,0,0,0
225,G,G,-0.114205911,0,0,0
226,U,U,0.045834614,0,0,0
227,U,U,-0.459862112,0,0,0
228,U,U,-0.965505683,0,0,0
229,G,G,-0.348724088,0,0,0
230,G,G,0.83850803,0,0,0
231,A,A,0.578005785,0,0,0
232,G,G,-0.021899154,0,0,0
233,A,A,-0.705632863,0,0,0
234,C,C,0.426439479,0,0,0
235,A,A,0.564793437,0,0,0
236,A,A,-0.474688262,0,0,0
237,A,A,0.522149451,0,0,0
238,U,U,0.855702552,0,0,0
239,G,G,1.022468586,0,0,0
240,G,G,0.521931396,0,0,0
241,A,A,0.358357769,0,0,0
242,A,A,0.212095198,0,0,0
243,G,G,0.318751565,0,0,0
244,A,A,-0.06672902,0,0,0
245,A,A,0.438497214,0,0,0
246,A,A,-0.129398488,0,0,0
247,G,G,0.270040264,0,0,0
248,G,G,-0.286760751,0,0,0
249,G,G,0.819746915,0,0,0
250,U,U,-0.891410371,0,0,0
251,U,U,0.743859134,0,0,0
252,A,A,0.774750206,0,0,0
253,G,G,0.203010951,0,0,0
254,U,U,0.289134697,0,0,0
255,U,U,-1.086023705,0,0,0
256,U,U,1.072614934,0,0,0
257,G,G,-0.057897454,0,0,0
258,C,C,-0.03338216,0,0,0
259,U,U,-0.03813462,0,0,0
260,C,C,0.128460881,0,0,0
261,C,C,nan,0,0,0
262,U,U,0.17717629,0,0,0
263,U,U,-0.595444609,0,0,0
264,C,C,-1.213611997,0,0,0
265,A,A,-0.586933227,0,0,0
266,G,G,0.357912459,0,0,0
267,C,C,0.043882646,0,0,0
268,U,U,-1.831262023,1,0,0
269,A,A,-0.743515073,0,0,0
270,C,C,0.159780009,0,0,0
271,G,G,-0.006558118,0,0,0
272,U,U,-0.595551253,0,0,0
273,U,U,-0.764942026,0,0,0
274,U,U,0.732378535,0,0,0
275,C,C,-0.785548475,0,0,0
276,C,C,0.030241738,0,0,0
277,U,U,nan,0,0,0
278,U,U,0.010205323,0,0,0
279,G,G,0.145728774,0,0,0
280,C,C,nan,0,0,0
281,C,C,nan,0,0,0
282,U,U,nan,0,0,0
283,C,C,nan,0,0,0
284,U,U,nan,0,0,0
285,U,U,nan,0,0,0
286,G,G,nan,0,0,0
287,C,C,nan,0,0,0
288,G,G,nan,0,0,0
289,G,G,nan,0,0,0
290,U,U,nan,0,0,0
291,C,C,nan,0,0,0
292,G,G,nan,0,0,0
293,C,C,nan,0,0,0
294,A,A,nan,0,0,0
295,C,C,nan,0,0,0
296,U,U,nan,0,0,0
297,A,A,nan,0,0,0
298,G,G,nan,0,0,0
299,U,U,nan,0,0,0
300,G,G,nan,0,0,0
